,0
0,ltd
1,co
2,de
3,inc
4,international
5,pvt
6,sa
7,cv
8,trading
9,llc
10,rubber
11,india
12,private
13,logistics
14,ltda
15,industries
16,shanghai
17,products
18,mexico
19,corp
20,imp
21,shenzhen
22,and
23,exp
24,usa
25,dongguan
26,group
27,plastic
28,trade
29,industrial
30,corporation
31,sports
32,global
33,of
34,chemical
35,qingdao
36,technology
37,services
38,mfg
39,the
40,america
41,textile
42,bank
43,pt
44,enterprises
45,chemicals
46,pty
47,plastics
48,al
49,polymers
50,industries
51,international
52,europe
53,republic
